TRUNCATE TABLE workout_sets, workout_exercises, workouts, template_exercises, templates, exercise_muscle_groups, exercises, muscle_groups CASCADE;

-- =====================
-- MUSCLE GROUPS
-- =====================
INSERT INTO muscle_groups (id, name) VALUES
(1, 'Abdominals'),
(2, 'Abductor'),
(3, 'Biceps'),
(4, 'Calves'),
(5, 'Cardio'),
(6, 'Chest'),
(7, 'Forearms'),
(8, 'Full Body'),
(9, 'Glutes'),
(10, 'Hamstrings'),
(11, 'Lats'),
(12, 'Lower Back'),
(13, 'Quadriceps'),
(14, 'Shoulders'),
(15, 'Traps'),
(16, 'Triceps'),
(17, 'Upper Back');
SELECT setval('muscle_group_id_seq', 27);

-- =====================
-- EXERCISES
-- =====================
INSERT INTO exercises (id, name, equipment, image_url, video_url, user_id, archived) VALUES
(1, 'Crunch', 'Bodyweight', null, null, null, false),
(2, 'Sit-up', 'Bodyweight', null, null, null, false),
(3, 'Plank', 'Bodyweight', null, null, null, false),
(4, 'Cable Crunch', 'Cable', null, null, null, false),
(5, 'Hanging Leg Raise', 'Bodyweight', null, null, null, false),
(6, 'Bicycle Crunch', 'Bodyweight', null, null, null, false),
(7, 'Ab Wheel Rollout', 'Ab Wheel', null, null, null, false),
(8, 'Russian Twist', 'Bodyweight', null, null, null, false),
(9, 'V-up', 'Bodyweight', null, null, null, false),
(10, 'Decline Crunch', 'Bench', null, null, null, false),
(11, 'Machine Crunch', 'Machine', null, null, null, false),
(12, 'Reverse Crunch', 'Bodyweight', null, null, null, false),
(13, 'Dragon Flag', 'Bodyweight', null, null, null, false),
(14, 'Flutter Kicks', 'Bodyweight', null, null, null, false),
(15, 'Leg Raise', 'Bodyweight', null, null, null, false),
(16, 'Toe Touches', 'Bodyweight', null, null, null, false),
(17, 'Hollow Body Hold', 'Bodyweight', null, null, null, false),
(18, 'Windshield Wipers', 'Bodyweight', null, null, null, false),
(19, 'Cable Woodchopper', 'Cable', null, null, null, false),
(20, 'Weighted Crunch', 'Dumbbell', null, null, null, false),
(21, 'Seated Hip Abduction Machine', 'Machine', null, null, null, false),
(22, 'Cable Hip Abduction', 'Cable', null, null, null, false),
(23, 'Band Hip Abduction', 'Band', null, null, null, false),
(24, 'Lying Lateral Leg Raise', 'Bodyweight', null, null, null, false),
(25, 'Clamshell', 'Bodyweight', null, null, null, false),
(26, 'Banded Clamshell', 'Band', null, null, null, false),
(27, 'Standing Leg Abduction', 'Bodyweight', null, null, null, false),
(28, 'Side Plank with Leg Raise', 'Bodyweight', null, null, null, false),
(29, 'Fire Hydrant', 'Bodyweight', null, null, null, false),
(30, 'Banded Fire Hydrant', 'Band', null, null, null, false),
(31, 'Dumbbell Lateral Lunge', 'Dumbbell', null, null, null, false),
(32, 'Monster Walk', 'Band', null, null, null, false),
(33, 'Lateral Band Walk', 'Band', null, null, null, false),
(34, 'Curtsy Lunge', 'Bodyweight', null, null, null, false),
(35, 'Barbell Curtsy Lunge', 'Barbell', null, null, null, false),
(36, 'Skater Squat', 'Bodyweight', null, null, null, false),
(37, 'Cossack Squat', 'Bodyweight', null, null, null, false),
(38, 'Kettlebell Cossack Squat', 'Kettlebell', null, null, null, false),
(39, 'Lateral Step-Up', 'Box', null, null, null, false),
(40, 'Weighted Lateral Step-Up', 'Dumbbell', null, null, null, false),
(41, 'Barbell Curl', 'Barbell', null, null, null, false),
(42, 'Dumbbell Curl', 'Dumbbell', null, null, null, false),
(43, 'Hammer Curl', 'Dumbbell', null, null, null, false),
(44, 'Preacher Curl', 'EZ Bar', null, null, null, false),
(45, 'Cable Curl', 'Cable', null, null, null, false),
(46, 'Concentration Curl', 'Dumbbell', null, null, null, false),
(47, 'Incline Dumbbell Curl', 'Dumbbell', null, null, null, false),
(48, 'Reverse Curl', 'Barbell', null, null, null, false),
(49, 'Zottman Curl', 'Dumbbell', null, null, null, false),
(50, 'Spider Curl', 'Dumbbell', null, null, null, false);
INSERT INTO exercises (id, name, equipment, image_url, video_url, user_id, archived) VALUES
(51, 'Machine Bicep Curl', 'Machine', null, null, null, false),
(52, 'High Cable Curl', 'Cable', null, null, null, false),
(53, 'EZ Bar Curl', 'EZ Bar', null, null, null, false),
(54, 'Drag Curl', 'Barbell', null, null, null, false),
(55, 'Plate Curl', 'Weight Plate', null, null, null, false),
(56, 'Cross-body Hammer Curl', 'Dumbbell', null, null, null, false),
(57, 'Waiter Curl', 'Dumbbell', null, null, null, false),
(58, 'Cheat Curl', 'Barbell', null, null, null, false),
(59, 'Rope Cable Curl', 'Cable', null, null, null, false),
(60, 'Band Bicep Curl', 'Band', null, null, null, false),
(61, 'Standing Calf Raise', 'Machine', null, null, null, false),
(62, 'Seated Calf Raise', 'Machine', null, null, null, false),
(63, 'Donkey Calf Raise', 'Machine', null, null, null, false),
(64, 'Leg Press Calf Raise', 'Machine', null, null, null, false),
(65, 'Smith Machine Calf Raise', 'Smith Machine', null, null, null, false),
(66, 'Dumbbell Calf Raise', 'Dumbbell', null, null, null, false),
(67, 'Single Leg Calf Raise', 'Bodyweight', null, null, null, false),
(68, 'Barbell Calf Raise', 'Barbell', null, null, null, false),
(69, 'Farmers Walk on Toes', 'Dumbbell', null, null, null, false),
(70, 'Jump Rope', 'Rope', null, null, null, false),
(71, 'Box Jumps', 'Box', null, null, null, false),
(72, 'Calf Press on Leg Press', 'Machine', null, null, null, false),
(73, 'Elevated Calf Raise', 'Bodyweight', null, null, null, false),
(74, 'Tibialis Raise', 'Bodyweight', null, null, null, false),
(75, 'Banded Calf Raise', 'Band', null, null, null, false),
(76, 'Squat Hold Calf Raise', 'Bodyweight', null, null, null, false),
(77, 'Agility Ladder Drills', 'Ladder', null, null, null, false),
(78, 'Sled Push', 'Sled', null, null, null, false),
(79, 'Ankle Hops', 'Bodyweight', null, null, null, false),
(80, 'Walking Calf Raise', 'Bodyweight', null, null, null, false),
(81, 'Running', 'Treadmill', null, null, null, false),
(82, 'Cycling', 'Stationary Bike', null, null, null, false),
(83, 'Rowing', 'Rowing Machine', null, null, null, false),
(84, 'Elliptical', 'Elliptical', null, null, null, false),
(85, 'Stair Climber', 'Stair Machine', null, null, null, false),
(86, 'SkiErg', 'Machine', null, null, null, false),
(87, 'Assault Bike', 'Bike', null, null, null, false),
(88, 'Swimming', 'None', null, null, null, false),
(89, 'Burpees', 'Bodyweight', null, null, null, false),
(90, 'Jumping Jacks', 'Bodyweight', null, null, null, false),
(91, 'Mountain Climbers', 'Bodyweight', null, null, null, false),
(92, 'High Knees', 'Bodyweight', null, null, null, false),
(93, 'Sprints', 'Bodyweight', null, null, null, false),
(94, 'Battle Ropes', 'Ropes', null, null, null, false),
(95, 'Kettlebell Swings', 'Kettlebell', null, null, null, false),
(96, 'Boxing', 'Heavy Bag', null, null, null, false),
(97, 'Aerobics', 'None', null, null, null, false),
(98, 'Zumba', 'None', null, null, null, false),
(99, 'Jump Squats', 'Bodyweight', null, null, null, false),
(100, 'Bear Crawls', 'Bodyweight', null, null, null, false);
INSERT INTO exercises (id, name, equipment, image_url, video_url, user_id, archived) VALUES
(101, 'Barbell Bench Press', 'Barbell', null, null, null, false),
(102, 'Dumbbell Bench Press', 'Dumbbell', null, null, null, false),
(103, 'Incline Barbell Bench Press', 'Barbell', null, null, null, false),
(104, 'Incline Dumbbell Bench Press', 'Dumbbell', null, null, null, false),
(105, 'Decline Barbell Bench Press', 'Barbell', null, null, null, false),
(106, 'Decline Dumbbell Bench Press', 'Dumbbell', null, null, null, false),
(107, 'Push-up', 'Bodyweight', null, null, null, false),
(108, 'Dumbbell Flyes', 'Dumbbell', null, null, null, false),
(109, 'Cable Crossover', 'Cable', null, null, null, false),
(110, 'Pec Deck Machine', 'Machine', null, null, null, false),
(111, 'Chest Dip', 'Bodyweight', null, null, null, false),
(112, 'Svend Press', 'Plate', null, null, null, false),
(113, 'Floor Press', 'Barbell', null, null, null, false),
(114, 'Hex Press', 'Dumbbell', null, null, null, false),
(115, 'Guillotine Press', 'Barbell', null, null, null, false),
(116, 'Machine Chest Press', 'Machine', null, null, null, false),
(117, 'Smith Machine Bench Press', 'Smith Machine', null, null, null, false),
(118, 'Plyometric Push-up', 'Bodyweight', null, null, null, false),
(119, 'Wide Grip Push-up', 'Bodyweight', null, null, null, false),
(120, 'Banded Push-up', 'Band', null, null, null, false),
(121, 'Wrist Curl', 'Barbell', null, null, null, false),
(122, 'Reverse Wrist Curl', 'Barbell', null, null, null, false),
(123, 'Farmers Walk', 'Dumbbell', null, null, null, false),
(124, 'Dead Hang', 'Bodyweight', null, null, null, false),
(125, 'Plate Pinch', 'Plates', null, null, null, false),
(126, 'Reverse Curl (Forearm Focus)', 'EZ Bar', null, null, null, false),
(127, 'Hammer Curl (Forearm Focus)', 'Dumbbell', null, null, null, false),
(128, 'Behind the Back Wrist Curl', 'Barbell', null, null, null, false),
(129, 'Towel Pull-up', 'Bodyweight', null, null, null, false),
(130, 'Fat Gripz Curls', 'Dumbbell', null, null, null, false),
(131, 'Wrist Roller', 'Equipment', null, null, null, false),
(132, 'Dumbbell Wrist Curl', 'Dumbbell', null, null, null, false),
(133, 'Dumbbell Reverse Wrist Curl', 'Dumbbell', null, null, null, false),
(134, 'Zottman Curl (Forearm Focus)', 'Dumbbell', null, null, null, false),
(135, 'Grip Crusher', 'Gripper', null, null, null, false),
(136, 'Kettlebell Bottoms-up Press', 'Kettlebell', null, null, null, false),
(137, 'Hex Dumbbell Hold', 'Dumbbell', null, null, null, false),
(138, 'Rope Climb', 'Rope', null, null, null, false),
(139, 'Cable Wrist Curl', 'Cable', null, null, null, false),
(140, 'Cable Reverse Wrist Curl', 'Cable', null, null, null, false),
(141, 'Barbell Thruster', 'Barbell', null, null, null, false),
(142, 'Dumbbell Thruster', 'Dumbbell', null, null, null, false),
(143, 'Clean and Jerk', 'Barbell', null, null, null, false),
(144, 'Power Clean', 'Barbell', null, null, null, false),
(145, 'Snatch', 'Barbell', null, null, null, false),
(146, 'Turkish Get-Up', 'Kettlebell', null, null, null, false),
(147, 'Devil Press', 'Dumbbell', null, null, null, false),
(148, 'Man Maker', 'Dumbbell', null, null, null, false),
(149, 'Burpee Pull-up', 'Bodyweight', null, null, null, false),
(150, 'Kettlebell Swing', 'Kettlebell', null, null, null, false);
INSERT INTO exercises (id, name, equipment, image_url, video_url, user_id, archived) VALUES
(151, 'Medicine Ball Slam', 'Medicine Ball', null, null, null, false),
(152, 'Wall Ball', 'Medicine Ball', null, null, null, false),
(153, 'Tire Flip', 'Tire', null, null, null, false),
(154, 'Sled Push/Pull', 'Sled', null, null, null, false),
(155, 'Bear Crawl', 'Full Body', null, null, null, false),
(156, 'Rowing (Ergometer)', 'Machine', null, null, null, false),
(157, 'Renegade Row', 'Dumbbell', null, null, null, false),
(158, 'Dumbbell Snatch', 'Dumbbell', null, null, null, false),
(159, 'Clean and Press', 'Barbell', null, null, null, false),
(160, 'Kettlebell Clean and Press', 'Kettlebell', null, null, null, false),
(161, 'Barbell Hip Thrust', 'Barbell', null, null, null, false),
(162, 'Glute Bridge', 'Bodyweight', null, null, null, false),
(163, 'Bulgarian Split Squat', 'Dumbbell', null, null, null, false),
(164, 'Romanian Deadlift', 'Barbell', null, null, null, false),
(165, 'Cable Pull-through', 'Cable', null, null, null, false),
(166, 'Kettlebell Swing (Glute Focus)', 'Kettlebell', null, null, null, false),
(167, 'Step-up', 'Box', null, null, null, false),
(168, 'Reverse Lunge', 'Dumbbell', null, null, null, false),
(169, 'Walking Lunge', 'Dumbbell', null, null, null, false),
(170, 'Curtsy Lunge (Glute Focus)', 'Dumbbell', null, null, null, false),
(171, 'Good Morning', 'Barbell', null, null, null, false),
(172, 'Donkey Kicks', 'Bodyweight', null, null, null, false),
(173, 'Machine Glute Kickback', 'Machine', null, null, null, false),
(174, 'Cable Glute Kickback', 'Cable', null, null, null, false),
(175, 'Banded Glute Bridge', 'Band', null, null, null, false),
(176, 'Frog Pumps', 'Bodyweight', null, null, null, false),
(177, 'Hip Abduction Machine', 'Machine', null, null, null, false),
(178, 'Banded Side Step', 'Band', null, null, null, false),
(179, 'Single Leg Hip Thrust', 'Bodyweight', null, null, null, false),
(180, 'Deficit Reverse Lunge', 'Dumbbell', null, null, null, false),
(181, 'Romanian Deadlift (Hamstring Focus)', 'Barbell', null, null, null, false),
(182, 'Stiff-Legged Deadlift', 'Barbell', null, null, null, false),
(183, 'Seated Leg Curl', 'Machine', null, null, null, false),
(184, 'Lying Leg Curl', 'Machine', null, null, null, false),
(185, 'Standing Leg Curl', 'Machine', null, null, null, false),
(186, 'Nordic Hamstring Curl', 'Bodyweight', null, null, null, false),
(187, 'Glute-Ham Raise', 'Machine', null, null, null, false),
(188, 'Good Morning (Hamstring Focus)', 'Barbell', null, null, null, false),
(189, 'Dumbbell RDL', 'Dumbbell', null, null, null, false),
(190, 'Kettlebell Swing', 'Kettlebell', null, null, null, false),
(191, 'Slider Leg Curl', 'Sliders', null, null, null, false),
(192, 'Swiss Ball Leg Curl', 'Swiss Ball', null, null, null, false),
(193, 'Cable Pull-through', 'Cable', null, null, null, false),
(194, 'Banded Leg Curl', 'Band', null, null, null, false),
(195, 'Single Leg RDL', 'Dumbbell', null, null, null, false),
(196, 'Reverse Hyperextension', 'Machine', null, null, null, false),
(197, 'Sumo Deadlift', 'Barbell', null, null, null, false),
(198, 'Trap Bar Deadlift', 'Trap Bar', null, null, null, false),
(199, 'Broad Jumps', 'Bodyweight', null, null, null, false),
(200, 'Sprints (Hamstring Focus)', 'Bodyweight', null, null, null, false);
INSERT INTO exercises (id, name, equipment, image_url, video_url, user_id, archived) VALUES
(201, 'Pull-up', 'Bodyweight', null, null, null, false),
(202, 'Lat Pulldown', 'Cable', null, null, null, false),
(203, 'Barbell Row', 'Barbell', null, null, null, false),
(204, 'Dumbbell Row', 'Dumbbell', null, null, null, false),
(205, 'T-Bar Row', 'Barbell', null, null, null, false),
(206, 'Seated Cable Row', 'Cable', null, null, null, false),
(207, 'Straight Arm Pulldown', 'Cable', null, null, null, false),
(208, 'Meadows Row', 'Barbell', null, null, null, false),
(209, 'Pendlay Row', 'Barbell', null, null, null, false),
(210, 'Chin-up', 'Bodyweight', null, null, null, false),
(211, 'Neutral Grip Pull-up', 'Bodyweight', null, null, null, false),
(212, 'Machine Row', 'Machine', null, null, null, false),
(213, 'V-Bar Pulldown', 'Cable', null, null, null, false),
(214, 'Reverse Grip Lat Pulldown', 'Cable', null, null, null, false),
(215, 'Dumbbell Pullover', 'Dumbbell', null, null, null, false),
(216, 'Cable Pullover', 'Cable', null, null, null, false),
(217, 'Renegade Row (Lat Focus)', 'Dumbbell', null, null, null, false),
(218, 'Yates Row', 'Barbell', null, null, null, false),
(219, 'Kroc Row', 'Dumbbell', null, null, null, false),
(220, 'Inverted Row', 'Bodyweight', null, null, null, false),
(221, 'Deadlift', 'Barbell', null, null, null, false),
(222, 'Hyperextension (Back Extension)', 'Machine', null, null, null, false),
(223, 'Good Morning (Lower Back Focus)', 'Barbell', null, null, null, false),
(224, 'Superman Hold', 'Bodyweight', null, null, null, false),
(225, 'Reverse Hyperextension (Lower Back)', 'Machine', null, null, null, false),
(226, 'Bird Dog', 'Bodyweight', null, null, null, false),
(227, 'Romanian Deadlift (Lower Back)', 'Barbell', null, null, null, false),
(228, 'Rack Pull', 'Barbell', null, null, null, false),
(229, 'Jefferson Curl', 'Barbell', null, null, null, false),
(230, 'Deficit Deadlift', 'Barbell', null, null, null, false),
(231, 'Kettlebell Swing (Lower Back)', 'Kettlebell', null, null, null, false),
(232, 'Seated Good Morning', 'Barbell', null, null, null, false),
(233, 'Cable Pull-through (Lower Back)', 'Cable', null, null, null, false),
(234, 'Banded Good Morning', 'Band', null, null, null, false),
(235, 'Plank Hold', 'Bodyweight', null, null, null, false),
(236, 'Swiss Ball Back Extension', 'Swiss Ball', null, null, null, false),
(237, 'Barbell Row (Strict)', 'Barbell', null, null, null, false),
(238, 'Aquaman', 'Bodyweight', null, null, null, false),
(239, 'GHD Back Extension', 'GHD Machine', null, null, null, false),
(240, 'Cat-Cow Stretch', 'Bodyweight', null, null, null, false),
(241, 'Barbell Squat', 'Barbell', null, null, null, false),
(242, 'Front Squat', 'Barbell', null, null, null, false),
(243, 'Leg Press', 'Machine', null, null, null, false),
(244, 'Leg Extension', 'Machine', null, null, null, false),
(245, 'Hack Squat', 'Machine', null, null, null, false),
(246, 'Bulgarian Split Squat (Quad Focus)', 'Dumbbell', null, null, null, false),
(247, 'Goblet Squat', 'Dumbbell', null, null, null, false),
(248, 'Lunge', 'Bodyweight', null, null, null, false),
(249, 'Walking Lunge (Quad Focus)', 'Dumbbell', null, null, null, false),
(250, 'Pistol Squat', 'Bodyweight', null, null, null, false);
INSERT INTO exercises (id, name, equipment, image_url, video_url, user_id, archived) VALUES
(251, 'Sissy Squat', 'Bodyweight', null, null, null, false),
(252, 'Zercher Squat', 'Barbell', null, null, null, false),
(253, 'Smith Machine Squat', 'Smith Machine', null, null, null, false),
(254, 'Cyclist Squat', 'Dumbbell', null, null, null, false),
(255, 'Step-up (Quad Focus)', 'Box', null, null, null, false),
(256, 'Box Squat', 'Barbell', null, null, null, false),
(257, 'Wall Sit', 'Bodyweight', null, null, null, false),
(258, 'Overhead Squat', 'Barbell', null, null, null, false),
(259, 'Tire Flips (Quad Focus)', 'Tire', null, null, null, false),
(260, 'Jump Squat', 'Bodyweight', null, null, null, false),
(261, 'Overhead Press', 'Barbell', null, null, null, false),
(262, 'Dumbbell Shoulder Press', 'Dumbbell', null, null, null, false),
(263, 'Arnold Press', 'Dumbbell', null, null, null, false),
(264, 'Lateral Raise', 'Dumbbell', null, null, null, false),
(265, 'Front Raise', 'Dumbbell', null, null, null, false),
(266, 'Reverse Pec Deck', 'Machine', null, null, null, false),
(267, 'Face Pull', 'Cable', null, null, null, false),
(268, 'Upright Row', 'Barbell', null, null, null, false),
(269, 'Push Press', 'Barbell', null, null, null, false),
(270, 'Cable Lateral Raise', 'Cable', null, null, null, false),
(271, 'Machine Shoulder Press', 'Machine', null, null, null, false),
(272, 'Bent-Over Lateral Raise', 'Dumbbell', null, null, null, false),
(273, 'Military Press', 'Barbell', null, null, null, false),
(274, 'Landmine Press', 'Barbell', null, null, null, false),
(275, 'Pike Push-up', 'Bodyweight', null, null, null, false),
(276, 'Handstand Push-up', 'Bodyweight', null, null, null, false),
(277, 'Cuban Press', 'Dumbbell', null, null, null, false),
(278, 'Seated Barbell Press', 'Barbell', null, null, null, false),
(279, 'Kettlebell Press', 'Kettlebell', null, null, null, false),
(280, 'Bradford Press', 'Barbell', null, null, null, false),
(281, 'Barbell Shrug', 'Barbell', null, null, null, false),
(282, 'Dumbbell Shrug', 'Dumbbell', null, null, null, false),
(283, 'Trap Bar Shrug', 'Trap Bar', null, null, null, false),
(284, 'Smith Machine Shrug', 'Smith Machine', null, null, null, false),
(285, 'Cable Shrug', 'Cable', null, null, null, false),
(286, 'Upright Row (Trap Focus)', 'Barbell', null, null, null, false),
(287, 'Face Pull (Trap Focus)', 'Cable', null, null, null, false),
(288, 'Farmer''''s Walk (Trap Focus)', 'Dumbbell', null, null, null, false),
(289, 'Power Clean (Trap Focus)', 'Barbell', null, null, null, false),
(290, 'Snatch Pull', 'Barbell', null, null, null, false),
(291, 'Clean Pull', 'Barbell', null, null, null, false),
(292, 'Rack Pull (Trap Focus)', 'Barbell', null, null, null, false),
(293, 'Overhead Shrug', 'Barbell', null, null, null, false),
(294, 'Kelso Shrug', 'Dumbbell', null, null, null, false),
(295, 'Y-Raise', 'Dumbbell', null, null, null, false),
(296, 'Silverback Shrug', 'Dumbbell', null, null, null, false),
(297, 'Seated Dumbbell Shrug', 'Dumbbell', null, null, null, false),
(298, 'Behind the Back Barbell Shrug', 'Barbell', null, null, null, false),
(299, 'Meadows Shrug', 'Dumbbell', null, null, null, false),
(300, 'Incline Dumbbell Shrug', 'Dumbbell', null, null, null, false);
INSERT INTO exercises (id, name, equipment, image_url, video_url, user_id, archived) VALUES
(301, 'Triceps Pushdown', 'Cable', null, null, null, false),
(302, 'Overhead Triceps Extension', 'Dumbbell', null, null, null, false),
(303, 'Skullcrusher', 'EZ Bar', null, null, null, false),
(304, 'Close-Grip Bench Press', 'Barbell', null, null, null, false),
(305, 'Triceps Dip', 'Bodyweight', null, null, null, false),
(306, 'Machine Triceps Extension', 'Machine', null, null, null, false),
(307, 'Dumbbell Kickback', 'Dumbbell', null, null, null, false),
(308, 'Cable Kickback', 'Cable', null, null, null, false),
(309, 'Rope Pushdown', 'Cable', null, null, null, false),
(310, 'V-Bar Pushdown', 'Cable', null, null, null, false),
(311, 'French Press', 'EZ Bar', null, null, null, false),
(312, 'Diamond Push-up', 'Bodyweight', null, null, null, false),
(313, 'JM Press', 'Barbell', null, null, null, false),
(314, 'Tate Press', 'Dumbbell', null, null, null, false),
(315, 'Single-arm Reverse Pulldown', 'Cable', null, null, null, false),
(316, 'Band Triceps Extension', 'Band', null, null, null, false),
(317, 'Rolling Dumbbell Extension', 'Dumbbell', null, null, null, false),
(318, 'Bench Dip', 'Bodyweight', null, null, null, false),
(319, 'Floor Press (Tricep Focus)', 'Barbell', null, null, null, false),
(320, 'Board Press', 'Barbell', null, null, null, false),
(321, 'Barbell Row (Upper Back Focus)', 'Barbell', null, null, null, false),
(322, 'T-Bar Row (Wide Grip)', 'Barbell', null, null, null, false),
(323, 'Dumbbell Row (Elbows Out)', 'Dumbbell', null, null, null, false),
(324, 'Seated Cable Row (Wide Grip)', 'Cable', null, null, null, false),
(325, 'Chest-Supported Row', 'Machine', null, null, null, false),
(326, 'Seal Row', 'Barbell', null, null, null, false),
(327, 'Face Pull (Upper Back Focus)', 'Cable', null, null, null, false),
(328, 'Reverse Pec Deck (Upper Back Focus)', 'Machine', null, null, null, false),
(329, 'Bent-Over Lateral Raise (Heavy)', 'Dumbbell', null, null, null, false),
(330, 'Band Pull-Apart', 'Band', null, null, null, false),
(331, 'Meadows Row (Upper Back Focus)', 'Barbell', null, null, null, false),
(332, 'Pendlay Row (Upper Back Focus)', 'Barbell', null, null, null, false),
(333, 'Inverted Row (Wide Grip)', 'Bodyweight', null, null, null, false),
(334, 'Machine High Row', 'Machine', null, null, null, false),
(335, 'Y-W-T Raises', 'Bodyweight', null, null, null, false),
(336, 'Prone Cobra', 'Bodyweight', null, null, null, false),
(337, 'Kroc Row (Upper Back Focus)', 'Dumbbell', null, null, null, false),
(338, 'Scapular Pull-up', 'Bodyweight', null, null, null, false),
(339, 'Renegade Row (Upper Back Focus)', 'Dumbbell', null, null, null, false),
(340, 'Snatch Grip Deficit Deadlift', 'Barbell', null, null, null, false);
SELECT setval('exercise_id_seq', 350);

-- =====================
-- EXERCISE MUSCLE GROUPS
-- =====================
INSERT INTO exercise_muscle_groups (exercise_id, muscle_group_id) VALUES
(1, 1),
(2, 1),
(3, 1),
(4, 1),
(5, 1),
(6, 1),
(7, 1),
(8, 1),
(9, 1),
(10, 1),
(11, 1),
(12, 1),
(13, 1),
(14, 1),
(15, 1),
(16, 1),
(17, 1),
(18, 1),
(19, 1),
(20, 1),
(21, 2),
(22, 2),
(23, 2),
(24, 2),
(25, 2),
(26, 2),
(27, 2),
(28, 2),
(29, 2),
(30, 2),
(31, 2),
(32, 2),
(33, 2),
(34, 2),
(35, 2),
(36, 2),
(37, 2),
(38, 2),
(39, 2),
(40, 2),
(41, 3),
(42, 3),
(43, 3),
(44, 3),
(45, 3),
(46, 3),
(47, 3),
(48, 3),
(49, 3),
(50, 3);
INSERT INTO exercise_muscle_groups (exercise_id, muscle_group_id) VALUES
(51, 3),
(52, 3),
(53, 3),
(54, 3),
(55, 3),
(56, 3),
(57, 3),
(58, 3),
(59, 3),
(60, 3),
(61, 4),
(62, 4),
(63, 4),
(64, 4),
(65, 4),
(66, 4),
(67, 4),
(68, 4),
(69, 4),
(70, 4),
(71, 4),
(72, 4),
(73, 4),
(74, 4),
(75, 4),
(76, 4),
(77, 4),
(78, 4),
(79, 4),
(80, 4),
(81, 5),
(82, 5),
(83, 5),
(84, 5),
(85, 5),
(86, 5),
(87, 5),
(88, 5),
(89, 5),
(90, 5),
(91, 5),
(92, 5),
(93, 5),
(94, 5),
(95, 5),
(96, 5),
(97, 5),
(98, 5),
(99, 5),
(100, 5);
INSERT INTO exercise_muscle_groups (exercise_id, muscle_group_id) VALUES
(101, 6),
(102, 6),
(103, 6),
(104, 6),
(105, 6),
(106, 6),
(107, 6),
(108, 6),
(109, 6),
(110, 6),
(111, 6),
(112, 6),
(113, 6),
(114, 6),
(115, 6),
(116, 6),
(117, 6),
(118, 6),
(119, 6),
(120, 6),
(121, 7),
(122, 7),
(123, 7),
(124, 7),
(125, 7),
(126, 7),
(127, 7),
(128, 7),
(129, 7),
(130, 7),
(131, 7),
(132, 7),
(133, 7),
(134, 7),
(135, 7),
(136, 7),
(137, 7),
(138, 7),
(139, 7),
(140, 7),
(141, 8),
(142, 8),
(143, 8),
(144, 8),
(145, 8),
(146, 8),
(147, 8),
(148, 8),
(149, 8),
(150, 8);
INSERT INTO exercise_muscle_groups (exercise_id, muscle_group_id) VALUES
(151, 8),
(152, 8),
(153, 8),
(154, 8),
(155, 8),
(156, 8),
(157, 8),
(158, 8),
(159, 8),
(160, 8),
(161, 9),
(162, 9),
(163, 9),
(164, 9),
(165, 9),
(166, 9),
(167, 9),
(168, 9),
(169, 9),
(170, 9),
(171, 9),
(172, 9),
(173, 9),
(174, 9),
(175, 9),
(176, 9),
(177, 9),
(178, 9),
(179, 9),
(180, 9),
(181, 10),
(182, 10),
(183, 10),
(184, 10),
(185, 10),
(186, 10),
(187, 10),
(188, 10),
(189, 10),
(190, 10),
(191, 10),
(192, 10),
(193, 10),
(194, 10),
(195, 10),
(196, 10),
(197, 10),
(198, 10),
(199, 10),
(200, 10);
INSERT INTO exercise_muscle_groups (exercise_id, muscle_group_id) VALUES
(201, 11),
(202, 11),
(203, 11),
(204, 11),
(205, 11),
(206, 11),
(207, 11),
(208, 11),
(209, 11),
(210, 11),
(211, 11),
(212, 11),
(213, 11),
(214, 11),
(215, 11),
(216, 11),
(217, 11),
(218, 11),
(219, 11),
(220, 11),
(221, 12),
(222, 12),
(223, 12),
(224, 12),
(225, 12),
(226, 12),
(227, 12),
(228, 12),
(229, 12),
(230, 12),
(231, 12),
(232, 12),
(233, 12),
(234, 12),
(235, 12),
(236, 12),
(237, 12),
(238, 12),
(239, 12),
(240, 12),
(241, 13),
(242, 13),
(243, 13),
(244, 13),
(245, 13),
(246, 13),
(247, 13),
(248, 13),
(249, 13),
(250, 13);
INSERT INTO exercise_muscle_groups (exercise_id, muscle_group_id) VALUES
(251, 13),
(252, 13),
(253, 13),
(254, 13),
(255, 13),
(256, 13),
(257, 13),
(258, 13),
(259, 13),
(260, 13),
(261, 14),
(262, 14),
(263, 14),
(264, 14),
(265, 14),
(266, 14),
(267, 14),
(268, 14),
(269, 14),
(270, 14),
(271, 14),
(272, 14),
(273, 14),
(274, 14),
(275, 14),
(276, 14),
(277, 14),
(278, 14),
(279, 14),
(280, 14),
(281, 15),
(282, 15),
(283, 15),
(284, 15),
(285, 15),
(286, 15),
(287, 15),
(288, 15),
(289, 15),
(290, 15),
(291, 15),
(292, 15),
(293, 15),
(294, 15),
(295, 15),
(296, 15),
(297, 15),
(298, 15),
(299, 15),
(300, 15);
INSERT INTO exercise_muscle_groups (exercise_id, muscle_group_id) VALUES
(301, 16),
(302, 16),
(303, 16),
(304, 16),
(305, 16),
(306, 16),
(307, 16),
(308, 16),
(309, 16),
(310, 16),
(311, 16),
(312, 16),
(313, 16),
(314, 16),
(315, 16),
(316, 16),
(317, 16),
(318, 16),
(319, 16),
(320, 16),
(321, 17),
(322, 17),
(323, 17),
(324, 17),
(325, 17),
(326, 17),
(327, 17),
(328, 17),
(329, 17),
(330, 17),
(331, 17),
(332, 17),
(333, 17),
(334, 17),
(335, 17),
(336, 17),
(337, 17),
(338, 17),
(339, 17),
(340, 17);

-- =====================
-- WORKOUTS
-- =====================
INSERT INTO workouts (id, user_id, name, workout_status, started_at, ended_at, duration) VALUES
(1, 1, 'Push Day', 'COMPLETED', '2026-01-10 09:00:00', '2026-01-10 10:05:00', 65),
(2, 1, 'Pull Day', 'COMPLETED', '2026-01-13 08:00:00', '2026-01-13 09:00:00', 60),
(3, 1, 'Leg Day', 'COMPLETED', '2026-01-15 07:30:00', '2026-01-15 08:45:00', 75),
(4, 1, 'Push Day', 'COMPLETED', '2026-02-03 09:00:00', '2026-02-03 10:00:00', 60),
(5, 1, 'Pull Day', 'COMPLETED', '2026-02-06 08:00:00', '2026-02-06 09:10:00', 70),
(6, 1, 'Leg Day', 'COMPLETED', '2026-02-10 07:00:00', '2026-02-10 08:15:00', 75),
(7, 1, 'Full Body', 'COMPLETED', '2026-02-14 10:00:00', '2026-02-14 11:20:00', 80),
(8, 1, 'Push Day', 'COMPLETED', '2026-03-01 09:00:00', '2026-03-01 10:00:00', 60),
(9, 1, 'Pull Day', 'COMPLETED', '2026-03-05 08:00:00', '2026-03-05 09:00:00', 60),
(10, 1, 'Leg Day', 'COMPLETED', '2026-03-10 07:30:00', '2026-03-10 08:45:00', 75),
(11, 1, 'Push Day', 'COMPLETED', '2026-03-15 09:00:00', '2026-03-15 10:10:00', 70),
(12, 1, 'Full Body', 'COMPLETED', '2026-03-18 10:00:00', '2026-03-18 11:15:00', 75);
SELECT setval('workout_id_seq', 100);

-- =====================
-- WORKOUT EXERCISES & SETS
-- =====================
INSERT INTO workout_exercises (id, workout_id, exercise_id, order_index, notes) VALUES
(1, 1, 101, 1, null),
(2, 1, 261, 2, null),
(3, 1, 301, 3, null),
(4, 2, 201, 1, null),
(5, 2, 203, 2, null),
(6, 2, 42, 3, null),
(7, 3, 241, 1, null),
(8, 3, 243, 2, null),
(9, 4, 101, 1, null),
(10, 4, 261, 2, null),
(11, 4, 301, 3, null),
(12, 5, 201, 1, null),
(13, 5, 203, 2, null),
(14, 5, 42, 3, null),
(15, 6, 241, 1, null),
(16, 6, 243, 2, null),
(17, 7, 101, 1, null),
(18, 7, 241, 2, null),
(19, 7, 201, 3, null),
(20, 7, 3, 4, null),
(21, 8, 101, 1, null),
(22, 8, 261, 2, null),
(23, 8, 301, 3, null),
(24, 9, 201, 1, null),
(25, 9, 203, 2, null),
(26, 9, 42, 3, null),
(27, 10, 241, 1, null),
(28, 10, 243, 2, null),
(29, 11, 101, 1, null),
(30, 11, 261, 2, null),
(31, 11, 301, 3, null),
(32, 12, 101, 1, null),
(33, 12, 241, 2, null),
(34, 12, 201, 3, null),
(35, 12, 3, 4, null);
SELECT setval('workout_exercise_id_seq', 46);

INSERT INTO workout_sets (id, workout_exercise_id, set_number, weight, reps, is_drop_set) VALUES
(1, 1, 1, 55.0, 9, false),
(2, 1, 2, 55.0, 9, false),
(3, 1, 3, 55.0, 9, false),
(4, 2, 1, 55.0, 9, false),
(5, 2, 2, 55.0, 9, false),
(6, 2, 3, 55.0, 9, false),
(7, 3, 1, 55.0, 9, false),
(8, 3, 2, 55.0, 9, false),
(9, 3, 3, 55.0, 9, false),
(10, 4, 1, 55.0, 9, false),
(11, 4, 2, 55.0, 9, false),
(12, 4, 3, 55.0, 9, false),
(13, 5, 1, 65.0, 11, false),
(14, 5, 2, 65.0, 11, false),
(15, 5, 3, 65.0, 11, false),
(16, 6, 1, 60.0, 10, false),
(17, 6, 2, 60.0, 10, false),
(18, 6, 3, 60.0, 10, false),
(19, 7, 1, 55.0, 9, false),
(20, 7, 2, 55.0, 9, false),
(21, 7, 3, 55.0, 9, false),
(22, 8, 1, 65.0, 11, false),
(23, 8, 2, 65.0, 11, false),
(24, 8, 3, 65.0, 11, false),
(25, 9, 1, 55.0, 9, false),
(26, 9, 2, 55.0, 9, false),
(27, 9, 3, 55.0, 9, false),
(28, 10, 1, 55.0, 9, false),
(29, 10, 2, 55.0, 9, false),
(30, 10, 3, 55.0, 9, false),
(31, 11, 1, 55.0, 9, false),
(32, 11, 2, 55.0, 9, false),
(33, 11, 3, 55.0, 9, false),
(34, 12, 1, 55.0, 9, false),
(35, 12, 2, 55.0, 9, false),
(36, 12, 3, 55.0, 9, false),
(37, 13, 1, 65.0, 11, false),
(38, 13, 2, 65.0, 11, false),
(39, 13, 3, 65.0, 11, false),
(40, 14, 1, 60.0, 10, false),
(41, 14, 2, 60.0, 10, false),
(42, 14, 3, 60.0, 10, false),
(43, 15, 1, 55.0, 9, false),
(44, 15, 2, 55.0, 9, false),
(45, 15, 3, 55.0, 9, false),
(46, 16, 1, 65.0, 11, false),
(47, 16, 2, 65.0, 11, false),
(48, 16, 3, 65.0, 11, false),
(49, 17, 1, 55.0, 9, false),
(50, 17, 2, 55.0, 9, false);
INSERT INTO workout_sets (id, workout_exercise_id, set_number, weight, reps, is_drop_set) VALUES
(51, 17, 3, 55.0, 9, false),
(52, 18, 1, 55.0, 9, false),
(53, 18, 2, 55.0, 9, false),
(54, 18, 3, 55.0, 9, false),
(55, 19, 1, 55.0, 9, false),
(56, 19, 2, 55.0, 9, false),
(57, 19, 3, 55.0, 9, false),
(58, 20, 1, 65.0, 11, false),
(59, 20, 2, 65.0, 11, false),
(60, 20, 3, 65.0, 11, false),
(61, 21, 1, 55.0, 9, false),
(62, 21, 2, 55.0, 9, false),
(63, 21, 3, 55.0, 9, false),
(64, 22, 1, 55.0, 9, false),
(65, 22, 2, 55.0, 9, false),
(66, 22, 3, 55.0, 9, false),
(67, 23, 1, 55.0, 9, false),
(68, 23, 2, 55.0, 9, false),
(69, 23, 3, 55.0, 9, false),
(70, 24, 1, 55.0, 9, false),
(71, 24, 2, 55.0, 9, false),
(72, 24, 3, 55.0, 9, false),
(73, 25, 1, 65.0, 11, false),
(74, 25, 2, 65.0, 11, false),
(75, 25, 3, 65.0, 11, false),
(76, 26, 1, 60.0, 10, false),
(77, 26, 2, 60.0, 10, false),
(78, 26, 3, 60.0, 10, false),
(79, 27, 1, 55.0, 9, false),
(80, 27, 2, 55.0, 9, false),
(81, 27, 3, 55.0, 9, false),
(82, 28, 1, 65.0, 11, false),
(83, 28, 2, 65.0, 11, false),
(84, 28, 3, 65.0, 11, false),
(85, 29, 1, 55.0, 9, false),
(86, 29, 2, 55.0, 9, false),
(87, 29, 3, 55.0, 9, false),
(88, 30, 1, 55.0, 9, false),
(89, 30, 2, 55.0, 9, false),
(90, 30, 3, 55.0, 9, false),
(91, 31, 1, 55.0, 9, false),
(92, 31, 2, 55.0, 9, false),
(93, 31, 3, 55.0, 9, false),
(94, 32, 1, 55.0, 9, false),
(95, 32, 2, 55.0, 9, false),
(96, 32, 3, 55.0, 9, false),
(97, 33, 1, 55.0, 9, false),
(98, 33, 2, 55.0, 9, false),
(99, 33, 3, 55.0, 9, false),
(100, 34, 1, 55.0, 9, false);
INSERT INTO workout_sets (id, workout_exercise_id, set_number, weight, reps, is_drop_set) VALUES
(101, 34, 2, 55.0, 9, false),
(102, 34, 3, 55.0, 9, false),
(103, 35, 1, 65.0, 11, false),
(104, 35, 2, 65.0, 11, false),
(105, 35, 3, 65.0, 11, false);
SELECT setval('workout_set_id_seq', 116);

-- Done.
